{
  "numStates": 2,
  "numFeatures": 16,
  "logPrior": [
    -9.999994999391884e-07,
    -13.815511557963774
  ],
  "logTrans": [
    [
      -0.020040750883446153,
      -3.919991175077323
    ],
    [
      -3.3877743613300146,
      -0.03436764350420777
    ]
  ],
  "emissions": [
    {
      "means": [
        0.6343424746236243,
        -0.9776041294632769,
        -0.514733750062101,
        -1.0180410069846897,
        0.3347457942288572,
        0.011773793492551725,
        -0.3347457942288572,
        -0.011773793492551725,
        0.5213123944659354,
        0.7217119521718848,
        -0.4839294562128577,
        0.7091928656089815,
        0.48921910898086696,
        1.2826652538476204,
        -0.47776575055535647,
        1.282532074789598
      ],
      "stds": [
        0.0219794294517813,
        0.007429717093283257,
        0.04218274694551263,
        0.005019431669666854,
        0.01431959179779408,
        0.004146579307047157,
        0.01431959179779408,
        0.004146579307047157,
        0.08649431398952911,
        0.016227773761938482,
        0.08853310658165578,
        0.021739234702032213,
        0.0414163627118991,
        0.03687677985685202,
        0.03530732771431545,
        0.03651362579369959
      ]
    },
    {
      "means": [
        0.8241863074515516,
        -0.9985513910200844,
        -0.816577025046602,
        -1.0012306114849219,
        0.483198226188154,
        -0.00035053457103356863,
        -0.483198226188154,
        0.00035053457103356863,
        1.0924710477374506,
        0.7661744256982885,
        -1.1082511028097672,
        0.7924082087019433,
        0.744346008729499,
        1.3355010127670273,
        -0.7427330507957108,
        1.3392414810404445
      ],
      "stds": [
        0.10101399625177175,
        0.009528812234874656,
        0.11717346691775976,
        0.009445918879420326,
        0.05746399258484514,
        0.004050446546176096,
        0.05746399258484514,
        0.004050446546176096,
        0.17032242029532904,
        0.029335786479059118,
        0.2017398796564687,
        0.0382170369493459,
        0.10956942192038617,
        0.05346160141646399,
        0.11814691576935868,
        0.046808746906097896
      ]
    }
  ],
  "meanLogLikelihood": 3340.6985837056536,
  "stdLogLikelihood": 146.15727474890897,
  "thresholdSigma": 2.0
}